{"cameraMode":{"drawMode":0,"name":"Shaded","section":"Shading Mode"},"sceneLighting":true,"audioPlay":false,"sceneViewState":{"showFog":true,"showMaterialUpdate":false,"showSkybox":true,"showFlares":true,"showImageEffects":true,"showParticleSystems":true},"in2DMode":false,"pivot":{"x":-4.008070945739746,"y":-0.5771049857139587,"z":5.056978225708008},"rotation":{"x":0.2549855411052704,"y":0.09841885417699814,"z":-0.026098206639289857,"w":0.9615690112113953},"size":6.9537811279296879,"orthographic":false}